Id,Player Image,Player,Team,Runs,Mat,Inns,NO,HS,Avg,BF,SR,100,50,4s,6s,Team Logo
1,https://scores.iplt20.com/ipl/playerimages/Virat%20Kohli.png?v=1,Virat Kohli,RCB,741,15,15,3,113,61.75,479,154.69,1,5,62,38,https://scores.iplt20.com/ipl/teamlogos/RCB.png?v=1
2,https://scores.iplt20.com/ipl/playerimages/Ruturaj%20Gaikwad.png?v=1,Ruturaj Gaikwad,CSK,583,14,14,3,108,53,413,141.16,1,4,58,18,https://scores.iplt20.com/ipl/teamlogos/CSK.png?v=1
3,https://scores.iplt20.com/ipl/playerimages/Riyan%20Parag.png?v=1,Riyan Parag,RR,573,16,14,3,84,52.09,384,149.21,0,4,40,33,https://scores.iplt20.com/ipl/teamlogos/RR.png?v=1
4,https://scores.iplt20.com/ipl/playerimages/Travis%20Head.png?v=1,Travis Head,SRH,567,15,15,1,102,40.5,296,191.55,1,4,64,32,https://scores.iplt20.com/ipl/teamlogos/SRH.png?v=1
5,https://scores.iplt20.com/ipl/playerimages/Sanju%20Samson.png?v=1,Sanju Samson,RR,531,16,15,4,86,48.27,346,153.46,0,5,48,24,https://scores.iplt20.com/ipl/teamlogos/RR.png?v=1
6,https://scores.iplt20.com/ipl/playerimages/Sai%20Sudharsan.png?v=1,Sai Sudharsan,GT,527,12,12,1,103,47.91,373,141.28,1,2,48,16,https://scores.iplt20.com/ipl/teamlogos/GT.png?v=1
7,https://scores.iplt20.com/ipl/playerimages/K%20L%20Rahul.png?v=1,K L Rahul,LSG,520,14,14,0,82,37.14,382,136.12,0,4,45,19,https://scores.iplt20.com/ipl/teamlogos/LSG.png?v=1
8,https://scores.iplt20.com/ipl/playerimages/Nicholas%20Pooran.png?v=1,Nicholas Pooran,LSG,499,14,14,6,75,62.38,280,178.21,0,3,35,36,https://scores.iplt20.com/ipl/teamlogos/LSG.png?v=1
9,https://scores.iplt20.com/ipl/playerimages/Sunil%20Narine.png?v=1,Sunil Narine,KKR,488,15,14,0,109,34.86,270,180.74,1,3,50,33,https://scores.iplt20.com/ipl/teamlogos/KKR.png?v=1
10,https://scores.iplt20.com/ipl/playerimages/Abhishek%20Sharma.png?v=1,Abhishek Sharma,SRH,484,16,16,1,75,32.27,237,204.21,0,3,36,42,https://scores.iplt20.com/ipl/teamlogos/SRH.png?v=1
11,https://scores.iplt20.com/ipl/playerimages/Heinrich%20Klaasen.png?v=1,Heinrich Klaasen,SRH,479,16,15,3,80,39.92,280,171.07,0,4,19,38,https://scores.iplt20.com/ipl/teamlogos/SRH.png?v=1
12,https://scores.iplt20.com/ipl/playerimages/Rishabh%20Pant.png?v=1,Rishabh Pant,DC,446,13,13,2,88,40.55,287,155.4,0,3,36,25,https://scores.iplt20.com/ipl/teamlogos/DC.png?v=1
13,https://scores.iplt20.com/ipl/playerimages/Faf%20Du%20Plessis.png?v=1,Faf Du Plessis,RCB,438,15,15,0,64,29.2,271,161.62,0,4,47,21,https://scores.iplt20.com/ipl/teamlogos/RCB.png?v=1
14,https://scores.iplt20.com/ipl/playerimages/Phil%20Salt.png?v=1,Phil Salt,KKR,435,12,12,1,89,39.55,239,182,0,4,50,24,https://scores.iplt20.com/ipl/teamlogos/KKR.png?v=1
15,https://scores.iplt20.com/ipl/playerimages/Yashasvi%20Jaiswal.png?v=1,Yashasvi Jaiswal,RR,435,16,15,1,104,31.07,279,155.91,1,1,54,16,https://scores.iplt20.com/ipl/teamlogos/RR.png?v=1
16,https://scores.iplt20.com/ipl/playerimages/Shubman%20Gill.png?v=1,Shubman Gill,GT,426,12,12,1,104,38.73,289,147.4,1,2,37,15,https://scores.iplt20.com/ipl/teamlogos/GT.png?v=1
17,https://scores.iplt20.com/ipl/playerimages/Rohit%20Sharma.png?v=1,Rohit Sharma,MI,417,14,14,1,105,32.08,278,150,1,1,45,23,https://scores.iplt20.com/ipl/teamlogos/MI.png?v=1
18,https://scores.iplt20.com/ipl/playerimages/Tilak%20Varma.png?v=1,Tilak Varma,MI,416,13,13,3,65,41.6,278,149.64,0,3,35,19,https://scores.iplt20.com/ipl/teamlogos/MI.png?v=1
19,https://scores.iplt20.com/ipl/playerimages/Shivam%20Dube.png?v=1,Shivam Dube,CSK,396,14,14,3,66,36,244,162.29,0,3,28,28,https://scores.iplt20.com/ipl/teamlogos/CSK.png?v=1
20,https://scores.iplt20.com/ipl/playerimages/Rajat%20Patidar.png?v=1,Rajat Patidar,RCB,395,15,13,0,55,30.38,223,177.13,0,5,21,33,https://scores.iplt20.com/ipl/teamlogos/RCB.png?v=1
21,https://scores.iplt20.com/ipl/playerimages/Marcus%20Stoinis.png?v=1,Marcus Stoinis,LSG,388,14,14,2,124,32.33,263,147.52,1,2,39,16,https://scores.iplt20.com/ipl/teamlogos/LSG.png?v=1
22,https://scores.iplt20.com/ipl/playerimages/Tristan%20Stubbs.png?v=1,Tristan Stubbs,DC,378,14,13,6,71,54,198,190.9,0,3,24,26,https://scores.iplt20.com/ipl/teamlogos/DC.png?v=1
23,https://scores.iplt20.com/ipl/playerimages/Venkatesh%20Iyer.png?v=1,Venkatesh Iyer,KKR,370,15,13,5,70,46.25,233,158.79,0,4,35,19,https://scores.iplt20.com/ipl/teamlogos/KKR.png?v=1
24,https://scores.iplt20.com/ipl/playerimages/Jos%20Buttler.png?v=1,Jos Buttler,RR,359,11,11,2,107,39.89,255,140.78,2,0,36,12,https://scores.iplt20.com/ipl/teamlogos/RR.png?v=1
25,https://scores.iplt20.com/ipl/playerimages/Shashank%20Singh.png?v=1,Shashank Singh,PBKS,354,14,14,6,68,44.25,215,164.65,0,2,28,21,https://scores.iplt20.com/ipl/teamlogos/PBKS.png?v=1
26,https://scores.iplt20.com/ipl/playerimages/Shreyas%20Iyer.png?v=1,Shreyas Iyer,KKR,351,15,14,5,58,39,239,146.86,0,2,34,14,https://scores.iplt20.com/ipl/teamlogos/KKR.png?v=1
27,https://scores.iplt20.com/ipl/playerimages/Suryakumar%20Yadav.png?v=1,Suryakumar Yadav,MI,345,11,11,1,102,34.5,206,167.47,1,3,36,18,https://scores.iplt20.com/ipl/teamlogos/MI.png?v=1
28,https://scores.iplt20.com/ipl/playerimages/Prabhsimran%20Singh.png?v=1,Prabhsimran Singh,PBKS,334,14,14,0,71,23.86,213,156.8,0,2,34,20,https://scores.iplt20.com/ipl/teamlogos/PBKS.png?v=1
29,https://scores.iplt20.com/ipl/playerimages/Jake%20Fraser%20-%20McGurk.png?v=1,Jake Fraser - McGurk,DC,330,9,9,0,84,36.67,141,234.04,0,4,32,28,https://scores.iplt20.com/ipl/teamlogos/DC.png?v=1
30,https://scores.iplt20.com/ipl/playerimages/Abishek%20Porel.png?v=1,Abishek Porel,DC,327,14,12,2,65,32.7,205,159.51,0,2,36,13,https://scores.iplt20.com/ipl/teamlogos/DC.png?v=1
31,https://scores.iplt20.com/ipl/playerimages/Dinesh%20Karthik.png?v=1,Dinesh Karthik,RCB,326,15,13,4,83,36.22,174,187.35,0,2,27,22,https://scores.iplt20.com/ipl/teamlogos/RCB.png?v=1
32,https://scores.iplt20.com/ipl/playerimages/Ishan%20Kishan.png?v=1,Ishan Kishan,MI,320,14,14,0,69,22.86,215,148.83,0,1,35,16,https://scores.iplt20.com/ipl/teamlogos/MI.png?v=1
33,https://scores.iplt20.com/ipl/playerimages/Daryl%20Mitchell.png?v=1,Daryl Mitchell,CSK,318,13,13,2,63,28.91,223,142.6,0,2,27,10,https://scores.iplt20.com/ipl/teamlogos/CSK.png?v=1
34,https://scores.iplt20.com/ipl/playerimages/Nitish%20Kumar%20Reddy.png?v=1,Nitish Kumar Reddy,SRH,303,13,11,2,76,33.67,212,142.92,0,2,15,21,https://scores.iplt20.com/ipl/teamlogos/SRH.png?v=1
35,https://scores.iplt20.com/ipl/playerimages/Jonny%20Bairstow.png?v=1,Jonny Bairstow,PBKS,298,11,11,1,108,29.8,195,152.82,1,0,33,14,https://scores.iplt20.com/ipl/teamlogos/PBKS.png?v=1
36,https://scores.iplt20.com/ipl/playerimages/Sam%20Curran.png?v=1,Sam Curran,PBKS,270,13,12,2,63,27,219,123.28,0,2,24,6,https://scores.iplt20.com/ipl/teamlogos/PBKS.png?v=1
37,https://scores.iplt20.com/ipl/playerimages/Ravindra%20Jadeja.png?v=1,Ravindra Jadeja,CSK,267,14,11,5,57,44.5,187,142.78,0,1,22,8,https://scores.iplt20.com/ipl/teamlogos/CSK.png?v=1
38,https://scores.iplt20.com/ipl/playerimages/Cameron%20Green.png?v=1,Cameron Green,RCB,255,13,12,4,46,31.88,178,143.25,0,0,22,10,https://scores.iplt20.com/ipl/teamlogos/RCB.png?v=1
39,https://scores.iplt20.com/ipl/playerimages/Quinton%20De%20Kock.png?v=1,Quinton De Kock,LSG,250,11,11,0,81,22.73,186,134.4,0,3,29,9,https://scores.iplt20.com/ipl/teamlogos/LSG.png?v=1
40,https://scores.iplt20.com/ipl/playerimages/Ajinkya%20Rahane.png?v=1,Ajinkya Rahane,CSK,242,13,12,0,45,20.17,196,123.46,0,0,23,7,https://scores.iplt20.com/ipl/teamlogos/CSK.png?v=1
41,https://scores.iplt20.com/ipl/playerimages/Tim%20David.png?v=1,Tim David,MI,241,13,11,3,45,30.13,152,158.55,0,0,14,15,https://scores.iplt20.com/ipl/teamlogos/MI.png?v=1
42,https://scores.iplt20.com/ipl/playerimages/Ayush%20Badoni.png?v=1,Ayush Badoni,LSG,235,14,12,4,55,29.38,171,137.42,0,2,22,5,https://scores.iplt20.com/ipl/teamlogos/LSG.png?v=1
43,https://scores.iplt20.com/ipl/playerimages/Axar%20Patel.png?v=1,Axar Patel,DC,235,14,12,4,66,29.38,179,131.28,0,2,19,10,https://scores.iplt20.com/ipl/teamlogos/DC.png?v=1
44,https://scores.iplt20.com/ipl/playerimages/Will%20Jacks.png?v=1,Will Jacks,RCB,230,8,8,1,100,32.86,131,175.57,1,1,16,18,https://scores.iplt20.com/ipl/teamlogos/RCB.png?v=1
45,https://scores.iplt20.com/ipl/playerimages/Andre%20Russell.png?v=1,Andre Russell,KKR,222,15,9,2,64,31.71,120,185,0,1,20,16,https://scores.iplt20.com/ipl/teamlogos/KKR.png?v=1
46,https://scores.iplt20.com/ipl/playerimages/Rachin%20Ravindra.png?v=1,Rachin Ravindra,CSK,222,10,10,0,61,22.2,138,160.86,0,1,22,12,https://scores.iplt20.com/ipl/teamlogos/CSK.png?v=1
47,https://scores.iplt20.com/ipl/playerimages/Aiden%20Markram.png?v=1,Aiden Markram,SRH,220,11,11,2,50,24.44,177,124.29,0,1,18,4,https://scores.iplt20.com/ipl/teamlogos/SRH.png?v=1
48,https://scores.iplt20.com/ipl/playerimages/Hardik%20Pandya.png?v=1,Hardik Pandya,MI,216,14,13,1,46,18,151,143.04,0,0,17,11,https://scores.iplt20.com/ipl/teamlogos/MI.png?v=1
49,https://scores.iplt20.com/ipl/playerimages/Shahbaz%20Ahmed.png?v=1,Shahbaz Ahmed,SRH,215,16,12,3,59,23.89,166,129.51,0,1,7,13,https://scores.iplt20.com/ipl/teamlogos/SRH.png?v=1
50,https://scores.iplt20.com/ipl/playerimages/Rilee%20Rossouw.png?v=1,Rilee Rossouw,PBKS,211,8,8,0,61,26.38,116,181.89,0,1,25,11,https://scores.iplt20.com/ipl/teamlogos/PBKS.png?v=1
51,https://scores.iplt20.com/ipl/playerimages/David%20Miller.png?v=1,David Miller,GT,210,9,9,3,55,35,139,151.07,0,1,20,8,https://scores.iplt20.com/ipl/teamlogos/GT.png?v=1
52,https://scores.iplt20.com/ipl/playerimages/Prithvi%20Shaw.png?v=1,Prithvi Shaw,DC,198,8,8,0,66,24.75,121,163.63,0,1,30,5,https://scores.iplt20.com/ipl/teamlogos/DC.png?v=1
53,https://scores.iplt20.com/ipl/playerimages/Dhruv%20Jurel.png?v=1,Dhruv Jurel,RR,195,15,11,3,56,24.38,141,138.29,0,2,18,7,https://scores.iplt20.com/ipl/teamlogos/RR.png?v=1
54,https://scores.iplt20.com/ipl/playerimages/Ashutosh%20Sharma.png?v=1,Ashutosh Sharma,PBKS,189,11,9,2,61,27,113,167.25,0,1,10,15,https://scores.iplt20.com/ipl/teamlogos/PBKS.png?v=1
55,https://scores.iplt20.com/ipl/playerimages/Rahul%20Tewatia.png?v=1,Rahul Tewatia,GT,188,12,9,2,36,26.86,129,145.73,0,0,24,5,https://scores.iplt20.com/ipl/teamlogos/GT.png?v=1
56,https://scores.iplt20.com/ipl/playerimages/Jitesh%20Sharma.png?v=1,Jitesh Sharma,PBKS,187,14,12,1,32,17,142,131.69,0,0,9,12,https://scores.iplt20.com/ipl/teamlogos/PBKS.png?v=1
57,https://scores.iplt20.com/ipl/playerimages/Shai%20Hope.png?v=1,Shai Hope,DC,183,9,9,1,41,22.88,122,150,0,0,12,12,https://scores.iplt20.com/ipl/teamlogos/DC.png?v=1
58,https://scores.iplt20.com/ipl/playerimages/Abdul%20Samad.png?v=1,Abdul Samad,SRH,182,16,12,2,37,18.2,108,168.51,0,0,15,11,https://scores.iplt20.com/ipl/teamlogos/SRH.png?v=1
59,https://scores.iplt20.com/ipl/playerimages/Rinku%20Singh.png?v=1,Rinku Singh,KKR,168,15,11,2,26,18.67,113,148.67,0,0,13,8,https://scores.iplt20.com/ipl/teamlogos/KKR.png?v=1
60,https://scores.iplt20.com/ipl/playerimages/David%20Warner.png?v=1,David Warner,DC,168,8,8,0,52,21,125,134.4,0,1,17,10,https://scores.iplt20.com/ipl/teamlogos/DC.png?v=1
61,https://scores.iplt20.com/ipl/playerimages/Rahul%20Tripathi.png?v=1,Rahul Tripathi,SRH,165,6,6,0,55,27.5,115,143.47,0,1,18,6,https://scores.iplt20.com/ipl/teamlogos/SRH.png?v=1
62,https://scores.iplt20.com/ipl/playerimages/Angkrish%20Raghuvanshi.png?v=1,Angkrish Raghuvanshi,KKR,163,10,7,0,54,23.29,105,155.23,0,1,16,8,https://scores.iplt20.com/ipl/teamlogos/KKR.png?v=1
63,https://scores.iplt20.com/ipl/playerimages/MS%20Dhoni.png?v=1,MS Dhoni,CSK,161,14,11,8,37,53.67,73,220.54,0,0,14,13,https://scores.iplt20.com/ipl/teamlogos/CSK.png?v=1
64,https://scores.iplt20.com/ipl/playerimages/Shikhar%20Dhawan.png?v=1,Shikhar Dhawan,PBKS,152,5,5,0,70,30.4,121,125.61,0,1,18,4,https://scores.iplt20.com/ipl/teamlogos/PBKS.png?v=1
65,https://scores.iplt20.com/ipl/playerimages/Deepak%20Hooda.png?v=1,Deepak Hooda,LSG,145,11,9,1,50,18.13,105,138.09,0,1,16,3,https://scores.iplt20.com/ipl/teamlogos/LSG.png?v=1
66,https://scores.iplt20.com/ipl/playerimages/Naman%20Dhir.png?v=1,Naman Dhir,MI,140,7,7,1,62,23.33,79,177.21,0,1,12,10,https://scores.iplt20.com/ipl/teamlogos/MI.png?v=1
67,https://scores.iplt20.com/ipl/playerimages/Pat%20Cummins.png?v=1,Pat Cummins,SRH,136,16,10,4,35,22.67,95,143.15,0,0,9,8,https://scores.iplt20.com/ipl/teamlogos/SRH.png?v=1
68,https://scores.iplt20.com/ipl/playerimages/Wriddhiman%20Saha.png?v=1,Wriddhiman Saha,GT,136,9,9,0,39,15.11,115,118.26,0,0,18,3,https://scores.iplt20.com/ipl/teamlogos/GT.png?v=1
69,https://scores.iplt20.com/ipl/playerimages/Krunal%20Pandya.png?v=1,Krunal Pandya,LSG,133,14,12,8,43,33.25,105,126.66,0,0,8,5,https://scores.iplt20.com/ipl/teamlogos/LSG.png?v=1
70,https://scores.iplt20.com/ipl/playerimages/Moeen%20Ali.png?v=1,Moeen Ali,CSK,128,8,5,0,56,25.6,98,130.61,0,1,7,8,https://scores.iplt20.com/ipl/teamlogos/CSK.png?v=1
71,https://scores.iplt20.com/ipl/playerimages/Shahrukh%20Khan.png?v=1,Shahrukh Khan,GT,127,7,7,0,58,18.14,75,169.33,0,1,9,9,https://scores.iplt20.com/ipl/teamlogos/GT.png?v=1
72,https://scores.iplt20.com/ipl/playerimages/Ramandeep%20Singh.png?v=1,Ramandeep Singh,KKR,125,15,9,5,35,31.25,62,201.61,0,0,5,12,https://scores.iplt20.com/ipl/teamlogos/KKR.png?v=1
73,https://scores.iplt20.com/ipl/playerimages/Mahipal%20Lomror.png?v=1,Mahipal Lomror,RCB,125,10,10,2,33,15.63,68,183.82,0,0,9,9,https://scores.iplt20.com/ipl/teamlogos/RCB.png?v=1
74,https://scores.iplt20.com/ipl/playerimages/Shimron%20Hetmyer.png?v=1,Shimron Hetmyer,RR,113,12,9,4,27,22.6,69,163.76,0,0,9,7,https://scores.iplt20.com/ipl/teamlogos/RR.png?v=1
75,https://scores.iplt20.com/ipl/playerimages/Liam%20Livingstone.png?v=1,Liam Livingstone,PBKS,111,7,7,2,38,22.2,78,142.3,0,0,8,7,https://scores.iplt20.com/ipl/teamlogos/PBKS.png?v=1
76,https://scores.iplt20.com/ipl/playerimages/Nehal%20Wadhera.png?v=1,Nehal Wadhera,MI,109,6,6,0,49,18.17,84,129.76,0,0,9,6,https://scores.iplt20.com/ipl/teamlogos/MI.png?v=1
77,https://scores.iplt20.com/ipl/playerimages/Rovman%20Powell.png?v=1,Rovman Powell,RR,103,10,7,1,27,17.17,68,151.47,0,0,10,6,https://scores.iplt20.com/ipl/teamlogos/RR.png?v=1
78,https://scores.iplt20.com/ipl/playerimages/Rashid%20Khan.png?v=1,Rashid Khan,GT,102,12,8,3,31,20.4,71,143.66,0,0,11,3,https://scores.iplt20.com/ipl/teamlogos/GT.png?v=1
79,https://scores.iplt20.com/ipl/playerimages/Anuj%20Rawat.png?v=1,Anuj Rawat,RCB,98,5,5,1,48,24.5,77,127.27,0,0,10,3,https://scores.iplt20.com/ipl/teamlogos/RCB.png?v=1
80,https://scores.iplt20.com/ipl/playerimages/Ravichandran%20Ashwin.png?v=1,Ravichandran Ashwin,RR,86,15,9,3,29,14.33,74,116.21,0,0,5,4,https://scores.iplt20.com/ipl/teamlogos/RR.png?v=1
81,https://scores.iplt20.com/ipl/playerimages/Arshad%20Khan.png?v=1,Arshad Khan,LSG,83,4,4,2,58,41.5,54,153.7,0,1,6,5,https://scores.iplt20.com/ipl/teamlogos/LSG.png?v=1
82,https://scores.iplt20.com/ipl/playerimages/Vijay%20Shankar.png?v=1,Vijay Shankar,GT,83,7,7,2,17,16.6,72,115.27,0,0,7,2,https://scores.iplt20.com/ipl/teamlogos/GT.png?v=1
83,https://scores.iplt20.com/ipl/playerimages/Harpreet%20Brar.png?v=1,Harpreet Brar,PBKS,75,13,7,5,29,37.5,54,138.88,0,0,8,2,https://scores.iplt20.com/ipl/teamlogos/PBKS.png?v=1
84,https://scores.iplt20.com/ipl/playerimages/Dewald%20Brevis.png?v=1,Dewald Brevis,MI,69,3,3,0,46,23,59,116.94,0,0,3,5,https://scores.iplt20.com/ipl/teamlogos/MI.png?v=1
85,https://scores.iplt20.com/ipl/playerimages/Mayank%20Agarwal.png?v=1,Mayank Agarwal,SRH,64,4,4,0,32,16,57,112.28,0,0,8,1,https://scores.iplt20.com/ipl/teamlogos/SRH.png?v=1
86,https://scores.iplt20.com/ipl/playerimages/Rahmanullah%20Gurbaz.png?v=1,Rahmanullah Gurbaz,KKR,62,3,2,0,39,31,46,134.78,0,0,7,4,https://scores.iplt20.com/ipl/teamlogos/KKR.png?v=1
87,https://scores.iplt20.com/ipl/playerimages/Mitchell%20Marsh.png?v=1,Mitchell Marsh,DC,61,4,4,0,23,15.25,38,160.52,0,0,9,3,https://scores.iplt20.com/ipl/teamlogos/DC.png?v=1
88,https://scores.iplt20.com/ipl/playerimages/Atharva%20Taide.png?v=1,Atharva Taide,PBKS,61,2,2,0,46,30.5,39,156.41,0,0,7,2,https://scores.iplt20.com/ipl/teamlogos/PBKS.png?v=1
89,https://scores.iplt20.com/ipl/playerimages/Romario%20Shepherd.png?v=1,Romario Shepherd,MI,57,6,5,3,39,28.5,21,271.42,0,0,5,5,https://scores.iplt20.com/ipl/teamlogos/MI.png?v=1
90,https://scores.iplt20.com/ipl/playerimages/Glenn%20Maxwell.png?v=1,Glenn Maxwell,RCB,52,10,9,0,28,5.78,43,120.93,0,0,6,2,https://scores.iplt20.com/ipl/teamlogos/RCB.png?v=1
91,https://scores.iplt20.com/ipl/playerimages/Sameer%20Rizwi.png?v=1,Sameer Rizwi,CSK,51,8,5,1,21,12.75,43,118.6,0,0,4,2,https://scores.iplt20.com/ipl/teamlogos/CSK.png?v=1
92,https://scores.iplt20.com/ipl/images/default-player-statsImage.png,Tom Kohler- Cadmore,RR,48,4,3,0,20,16,54,88.88,0,0,7,1,https://scores.iplt20.com/ipl/teamlogos/RR.png?v=1
93,https://scores.iplt20.com/ipl/playerimages/Kuldeep%20Yadav.png?v=1,Kuldeep Yadav,DC,47,11,5,2,35,15.67,41,114.63,0,0,6,1,https://scores.iplt20.com/ipl/teamlogos/DC.png?v=1
94,https://scores.iplt20.com/ipl/playerimages/Sikandar%20Raza.png?v=1,Sikandar Raza,PBKS,43,2,2,0,28,21.5,38,113.15,0,0,2,2,https://scores.iplt20.com/ipl/teamlogos/PBKS.png?v=1
95,https://scores.iplt20.com/ipl/playerimages/Manish%20Pandey.png?v=1,Manish Pandey,KKR,42,1,1,0,42,42,31,135.48,0,0,2,2,https://scores.iplt20.com/ipl/teamlogos/KKR.png?v=1
96,https://scores.iplt20.com/ipl/playerimages/Azmatullah%20Omarzai.png?v=1,Azmatullah Omarzai,GT,42,7,4,0,17,10.5,33,127.27,0,0,2,2,https://scores.iplt20.com/ipl/teamlogos/GT.png?v=1
97,https://scores.iplt20.com/ipl/playerimages/Nitish%20Rana.png?v=1,Nitish Rana,KKR,42,2,2,0,33,21,34,123.52,0,0,5,1,https://scores.iplt20.com/ipl/teamlogos/KKR.png?v=1
98,https://scores.iplt20.com/ipl/playerimages/Devdutt%20Padikkal.png?v=1,Devdutt Padikkal,LSG,38,7,7,0,13,5.43,53,71.69,0,0,3,0,https://scores.iplt20.com/ipl/teamlogos/LSG.png?v=1
99,https://scores.iplt20.com/ipl/playerimages/Swapnil%20Singh.png?v=1,Swapnil Singh,RCB,37,7,5,3,15,18.5,21,176.19,0,0,3,3,https://scores.iplt20.com/ipl/teamlogos/RCB.png?v=1
100,https://scores.iplt20.com/ipl/playerimages/Mohammad%20Nabi.png?v=1,Mohammad Nabi,MI,35,7,5,1,23,8.75,31,112.9,0,0,2,2,https://scores.iplt20.com/ipl/teamlogos/MI.png?v=1
101,https://scores.iplt20.com/ipl/playerimages/Shubham%20Dubey.png?v=1,Shubham Dubey,RR,33,4,3,1,25,16.5,19,173.68,0,0,3,2,https://scores.iplt20.com/ipl/teamlogos/RR.png?v=1
102,https://scores.iplt20.com/ipl/playerimages/Karn%20Sharma.png?v=1,Karn Sharma,RCB,31,9,3,0,20,10.33,15,206.66,0,0,2,3,https://scores.iplt20.com/ipl/teamlogos/RCB.png?v=1
103,https://scores.iplt20.com/ipl/playerimages/Rasikh%20Salam.png?v=1,Rasikh Salam,DC,28,8,4,0,10,7,30,93.33,0,0,4,0,https://scores.iplt20.com/ipl/teamlogos/DC.png?v=1
104,https://scores.iplt20.com/ipl/playerimages/Kane%20Williamson.png?v=1,Kane Williamson,GT,27,2,2,0,26,13.5,27,100,0,0,4,0,https://scores.iplt20.com/ipl/teamlogos/GT.png?v=1
105,https://scores.iplt20.com/ipl/playerimages/Harpreet%20Bhatia.png?v=1,Harpreet Bhatia,PBKS,27,2,2,0,14,13.5,34,79.41,0,0,2,0,https://scores.iplt20.com/ipl/teamlogos/PBKS.png?v=1
106,https://scores.iplt20.com/ipl/playerimages/Suyash%20S%20Prabhudessai.png?v=1,Suyash S Prabhudessai,RCB,24,1,1,0,24,24,18,133.33,0,0,3,0,https://scores.iplt20.com/ipl/teamlogos/RCB.png?v=1
107,https://scores.iplt20.com/ipl/playerimages/Jaydev%20Unadkat.png?v=1,Jaydev Unadkat,SRH,24,11,5,2,8,8,26,92.3,0,0,2,1,https://scores.iplt20.com/ipl/teamlogos/SRH.png?v=1
108,https://scores.iplt20.com/ipl/playerimages/Tanush%20Kotian.png?v=1,Tanush Kotian,RR,24,1,1,0,24,24,31,77.41,0,0,3,0,https://scores.iplt20.com/ipl/teamlogos/RR.png?v=1
109,https://scores.iplt20.com/ipl/playerimages/Bhuvneshwar%20Kumar.png?v=1,Bhuvneshwar Kumar,SRH,23,16,5,2,13,7.67,29,79.31,0,0,3,0,https://scores.iplt20.com/ipl/teamlogos/SRH.png?v=1
110,https://scores.iplt20.com/ipl/playerimages/Yudhvir%20Singh.png?v=1,Yudhvir Singh,LSG,21,2,2,0,14,10.5,14,150,0,0,1,2,https://scores.iplt20.com/ipl/teamlogos/LSG.png?v=1
111,https://scores.iplt20.com/ipl/playerimages/Rahul%20Chahar.png?v=1,Rahul Chahar,PBKS,21,9,2,1,16,21,15,140,0,0,3,1,https://scores.iplt20.com/ipl/teamlogos/PBKS.png?v=1
112,https://scores.iplt20.com/ipl/playerimages/Shardul%20Thakur.png?v=1,Shardul Thakur,CSK,21,9,3,2,17,21,17,123.52,0,0,2,1,https://scores.iplt20.com/ipl/teamlogos/CSK.png?v=1
113,https://scores.iplt20.com/ipl/playerimages/Ashton%20Turner.png?v=1,Ashton Turner,LSG,21,2,2,0,16,10.5,18,116.66,0,0,0,2,https://scores.iplt20.com/ipl/teamlogos/LSG.png?v=1
114,https://scores.iplt20.com/ipl/playerimages/Kagiso%20Rabada.png?v=1,Kagiso Rabada,PBKS,20,11,3,2,11,20,14,142.85,0,0,0,2,https://scores.iplt20.com/ipl/teamlogos/PBKS.png?v=1
115,https://scores.iplt20.com/ipl/images/default-player-statsImage.png,Gulbadin Naib,DC,19,2,1,0,19,19,15,126.66,0,0,1,1,https://scores.iplt20.com/ipl/teamlogos/DC.png?v=1
116,https://scores.iplt20.com/ipl/playerimages/Marco%20Jansen.png?v=1,Marco Jansen,SRH,18,3,2,1,17,18,13,138.46,0,0,1,1,https://scores.iplt20.com/ipl/teamlogos/SRH.png?v=1
117,https://scores.iplt20.com/ipl/playerimages/Saurav%20Chauhan.png?v=1,Saurav Chauhan,RCB,18,3,3,0,9,6,15,120,0,0,1,1,https://scores.iplt20.com/ipl/teamlogos/RCB.png?v=1
118,https://scores.iplt20.com/ipl/playerimages/Sumit%20Kumar.png?v=1,Sumit Kumar,DC,18,4,3,1,9,9,24,75,0,0,2,1,https://scores.iplt20.com/ipl/teamlogos/DC.png?v=1
119,https://scores.iplt20.com/ipl/playerimages/Piyush%20Chawla.png?v=1,Piyush Chawla,MI,15,11,6,2,10,3.75,15,100,0,0,1,1,https://scores.iplt20.com/ipl/teamlogos/MI.png?v=1
120,https://scores.iplt20.com/ipl/playerimages/Sanvir%20Singh.png?v=1,Sanvir Singh,SRH,14,4,3,2,8,14,12,116.66,0,0,1,0,https://scores.iplt20.com/ipl/teamlogos/SRH.png?v=1
121,https://scores.iplt20.com/ipl/playerimages/Trent%20Boult.png?v=1,Trent Boult,RR,14,16,5,3,12,7,16,87.5,0,0,2,0,https://scores.iplt20.com/ipl/teamlogos/RR.png?v=1
122,https://scores.iplt20.com/ipl/playerimages/Mitchell%20Santner.png?v=1,Mitchell Santner,CSK,14,3,3,0,11,4.67,17,82.35,0,0,1,0,https://scores.iplt20.com/ipl/teamlogos/CSK.png?v=1
123,https://scores.iplt20.com/ipl/playerimages/Gerald%20Coetzee.png?v=1,Gerald Coetzee,MI,14,10,5,1,8,3.5,22,63.63,0,0,0,1,https://scores.iplt20.com/ipl/teamlogos/MI.png?v=1
124,https://scores.iplt20.com/ipl/playerimages/Sai%20Kishore.png?v=1,Sai Kishore,GT,13,5,2,1,13,13,6,216.66,0,0,0,2,https://scores.iplt20.com/ipl/teamlogos/GT.png?v=1
125,https://scores.iplt20.com/ipl/playerimages/Harshal%20Patel.png?v=1,Harshal Patel,PBKS,13,14,4,1,12,4.33,19,68.42,0,0,1,1,https://scores.iplt20.com/ipl/teamlogos/PBKS.png?v=1
126,https://scores.iplt20.com/ipl/playerimages/Mohammed%20Siraj.png?v=1,Mohammed Siraj,RCB,12,14,3,1,12,6,8,150,0,0,0,2,https://scores.iplt20.com/ipl/teamlogos/RCB.png?v=1
127,https://scores.iplt20.com/ipl/playerimages/Darshan%20Nalkande.png?v=1,Darshan Nalkande,GT,12,3,1,0,12,12,11,109.09,0,0,0,1,https://scores.iplt20.com/ipl/teamlogos/GT.png?v=1
128,https://scores.iplt20.com/ipl/playerimages/Jasprit%20Bumrah.png?v=1,Jasprit Bumrah,MI,12,13,4,4,8,-,12,100,0,0,1,0,https://scores.iplt20.com/ipl/teamlogos/MI.png?v=1
129,https://scores.iplt20.com/ipl/playerimages/Umesh%20Yadav.png?v=1,Umesh Yadav,GT,12,7,2,1,10,12,15,80,0,0,0,1,https://scores.iplt20.com/ipl/teamlogos/GT.png?v=1
130,https://scores.iplt20.com/ipl/playerimages/Avesh%20Khan.png?v=1,Avesh Khan,RR,10,16,3,3,7,-,5,200,0,0,1,0,https://scores.iplt20.com/ipl/teamlogos/RR.png?v=1
131,https://scores.iplt20.com/ipl/playerimages/Lalit%20Yadav.png?v=1,Lalit Yadav,DC,10,2,2,0,7,5,12,83.33,0,0,1,0,https://scores.iplt20.com/ipl/teamlogos/DC.png?v=1
132,https://scores.iplt20.com/ipl/playerimages/Luke%20Wood.png?v=1,Luke Wood,MI,9,2,1,1,9,-,3,300,0,0,0,1,https://scores.iplt20.com/ipl/teamlogos/MI.png?v=1
133,https://scores.iplt20.com/ipl/playerimages/Arshin%20Atul%20Kulkarni.png?v=1,Arshin Atul Kulkarni,LSG,9,2,2,0,9,4.5,8,112.5,0,0,2,0,https://scores.iplt20.com/ipl/teamlogos/LSG.png?v=1
134,https://scores.iplt20.com/ipl/playerimages/Mitchell%20Starc.png?v=1,Mitchell Starc,KKR,9,14,5,3,6,4.5,11,81.81,0,0,1,0,https://scores.iplt20.com/ipl/teamlogos/KKR.png?v=1
135,https://scores.iplt20.com/ipl/playerimages/Abhinav%20Manohar.png?v=1,Abhinav Manohar,GT,9,2,2,0,8,4.5,16,56.25,0,0,1,0,https://scores.iplt20.com/ipl/teamlogos/GT.png?v=1
136,https://scores.iplt20.com/ipl/playerimages/Donovan%20Ferreira.png?v=1,Donovan Ferreira,RR,8,2,2,0,7,4,11,72.72,0,0,0,0,https://scores.iplt20.com/ipl/teamlogos/RR.png?v=1
137,https://scores.iplt20.com/ipl/images/default-player-statsImage.png,Vijayakanth Viyaskanth,SRH,7,3,1,1,7,-,5,140,0,0,0,0,https://scores.iplt20.com/ipl/teamlogos/SRH.png?v=1
138,https://scores.iplt20.com/ipl/playerimages/Spencer%20Johnson.png?v=1,Spencer Johnson,GT,6,5,3,3,5,-,7,85.71,0,0,1,0,https://scores.iplt20.com/ipl/teamlogos/GT.png?v=1
139,https://scores.iplt20.com/ipl/playerimages/Anmolpreet%20Singh.png?v=1,Anmolpreet Singh,SRH,5,2,2,0,5,2.5,6,83.33,0,0,1,0,https://scores.iplt20.com/ipl/teamlogos/SRH.png?v=1
140,https://scores.iplt20.com/ipl/playerimages/Noor%20Ahmad.png?v=1,Noor Ahmad,GT,5,10,4,2,4,2.5,9,55.55,0,0,1,0,https://scores.iplt20.com/ipl/teamlogos/GT.png?v=1
141,https://scores.iplt20.com/ipl/playerimages/Arshdeep%20Singh.png?v=1,Arshdeep Singh,PBKS,4,14,1,0,4,4,3,133.33,0,0,1,0,https://scores.iplt20.com/ipl/teamlogos/PBKS.png?v=1
142,https://scores.iplt20.com/ipl/playerimages/Akash%20Madhwal.png?v=1,Akash Madhwal,MI,4,5,1,1,4,-,5,80,0,0,0,0,https://scores.iplt20.com/ipl/teamlogos/MI.png?v=1
143,https://scores.iplt20.com/ipl/playerimages/Matthew%20Wade.png?v=1,Matthew Wade,GT,4,2,1,0,4,4,6,66.66,0,0,0,0,https://scores.iplt20.com/ipl/teamlogos/GT.png?v=1
144,https://scores.iplt20.com/ipl/playerimages/Ravi%20Bishnoi.png?v=1,Ravi Bishnoi,LSG,4,14,3,0,2,1.33,6,66.66,0,0,0,0,https://scores.iplt20.com/ipl/teamlogos/LSG.png?v=1
145,https://scores.iplt20.com/ipl/playerimages/Anrich%20Nortje.png?v=1,Anrich Nortje,DC,4,6,2,0,4,2,8,50,0,0,0,0,https://scores.iplt20.com/ipl/teamlogos/DC.png?v=1
146,https://scores.iplt20.com/ipl/playerimages/Mohit%20Sharma.png?v=1,Mohit Sharma,GT,4,12,3,1,4,2,15,26.66,0,0,0,0,https://scores.iplt20.com/ipl/teamlogos/GT.png?v=1
147,https://scores.iplt20.com/ipl/playerimages/Anukul%20Roy.png?v=1,Anukul Roy,KKR,3,4,1,1,3,-,3,100,0,0,0,0,https://scores.iplt20.com/ipl/teamlogos/KKR.png?v=1
148,https://scores.iplt20.com/ipl/playerimages/Reece%20Topley.png?v=1,Reece Topley,RCB,3,4,1,1,3,-,6,50,0,0,0,0,https://scores.iplt20.com/ipl/teamlogos/RCB.png?v=1
149,https://scores.iplt20.com/ipl/playerimages/Kumar%20Kushagra.png?v=1,Kumar Kushagra,DC,3,4,3,0,2,1,7,42.85,0,0,0,0,https://scores.iplt20.com/ipl/teamlogos/DC.png?v=1
150,https://scores.iplt20.com/ipl/playerimages/Mukesh%20Kumar.png?v=1,Mukesh Kumar,DC,3,10,2,1,3,3,9,33.33,0,0,0,0,https://scores.iplt20.com/ipl/teamlogos/DC.png?v=1
151,https://scores.iplt20.com/ipl/playerimages/Ricky%20Bhui.png?v=1,Ricky Bhui,DC,3,2,2,0,3,1.5,9,33.33,0,0,0,0,https://scores.iplt20.com/ipl/teamlogos/DC.png?v=1
152,https://scores.iplt20.com/ipl/playerimages/Mohsin%20Khan.png?v=1,Mohsin Khan,LSG,2,9,1,0,2,2,1,200,0,0,0,0,https://scores.iplt20.com/ipl/teamlogos/LSG.png?v=1
153,https://scores.iplt20.com/ipl/images/default-player-statsImage.png,Richard Gleeson,CSK,2,2,1,1,2,-,2,100,0,0,0,0,https://scores.iplt20.com/ipl/teamlogos/CSK.png?v=1
154,https://scores.iplt20.com/ipl/playerimages/Jhye%20Richardson.png?v=1,Jhye Richardson,DC,2,1,1,0,2,2,2,100,0,0,0,0,https://scores.iplt20.com/ipl/teamlogos/DC.png?v=1
155,https://scores.iplt20.com/ipl/playerimages/Anshul%20Kamboj.png?v=1,Anshul Kamboj,MI,2,3,1,1,2,-,2,100,0,0,0,0,https://scores.iplt20.com/ipl/teamlogos/MI.png?v=1
156,https://scores.iplt20.com/ipl/playerimages/Akash%20Deep.png?v=1,Akash Deep,RCB,2,1,1,1,2,-,2,100,0,0,0,0,https://scores.iplt20.com/ipl/teamlogos/RCB.png?v=1
157,https://scores.iplt20.com/ipl/playerimages/Shivam%20Singh.png?v=1,Shivam Singh,PBKS,2,1,1,1,2,-,3,66.66,0,0,0,0,https://scores.iplt20.com/ipl/teamlogos/PBKS.png?v=1
158,https://scores.iplt20.com/ipl/playerimages/Naveen-Ul-Haq.png?v=1,Naveen-Ul-Haq,LSG,2,10,3,3,2,-,4,50,0,0,0,0,https://scores.iplt20.com/ipl/teamlogos/LSG.png?v=1
159,https://scores.iplt20.com/ipl/playerimages/B%20R%20Sharath.png?v=1,B R Sharath,GT,2,1,1,0,2,2,5,40,0,0,0,0,https://scores.iplt20.com/ipl/teamlogos/GT.png?v=1
160,https://scores.iplt20.com/ipl/playerimages/Vaibhav%20Arora.png?v=1,Vaibhav Arora,KKR,1,10,2,2,1,-,1,100,0,0,0,0,https://scores.iplt20.com/ipl/teamlogos/KKR.png?v=1
161,https://scores.iplt20.com/ipl/playerimages/Shams%20Mulani.png?v=1,Shams Mulani,MI,1,2,1,1,1,-,1,100,0,0,0,0,https://scores.iplt20.com/ipl/teamlogos/MI.png?v=1
162,https://scores.iplt20.com/ipl/playerimages/Lockie%20Ferguson.png?v=1,Lockie Ferguson,RCB,1,7,1,0,1,1,1,100,0,0,0,0,https://scores.iplt20.com/ipl/teamlogos/RCB.png?v=1
163,https://scores.iplt20.com/ipl/images/default-player-statsImage.png,Lizaad Williams,DC,1,2,1,1,1,-,2,50,0,0,0,0,https://scores.iplt20.com/ipl/teamlogos/DC.png?v=1
164,https://scores.iplt20.com/ipl/playerimages/Keshav%20Maharaj.png?v=1,Keshav Maharaj,RR,1,2,1,0,1,1,2,50,0,0,0,0,https://scores.iplt20.com/ipl/teamlogos/RR.png?v=1
165,https://scores.iplt20.com/ipl/playerimages/Manav%20Suthar.png?v=1,Manav Suthar,GT,1,1,1,0,1,1,2,50,0,0,0,0,https://scores.iplt20.com/ipl/teamlogos/GT.png?v=1
166,https://scores.iplt20.com/ipl/playerimages/Vyshak%20Vijaykumar.png?v=1,Vyshak Vijaykumar,RCB,1,4,2,1,1,1,3,33.33,0,0,0,0,https://scores.iplt20.com/ipl/teamlogos/RCB.png?v=1
167,https://scores.iplt20.com/ipl/playerimages/Ishant%20Sharma.png?v=1,Ishant Sharma,DC,1,9,2,2,1,-,7,14.28,0,0,0,0,https://scores.iplt20.com/ipl/teamlogos/DC.png?v=1
